file_name,class_name,object_number,area,Centroid,BoundingBox,size_category
8-587_xp_000029.jpg,inclusion,1,1533,"(0.0, 849.180691454664, 242.42791911285062)","(0, 830, 219, 1, 874, 267)",Medium
8-587_xp_000029.jpg,inclusion,2,21692,"(1.0, 373.1598285082058, 964.5929835884197)","(1, 292, 878, 2, 460, 1057)",Very Coarse
8-587_xp_000029.jpg,inclusion,3,873,"(2.0, 421.6242840778923, 1188.2978235967926)","(2, 409, 1167, 3, 437, 1207)",Medium
8-587_xp_000029.jpg,inclusion,4,4519,"(3.0, 978.2026997123257, 1214.6494799734455)","(3, 946, 1172, 4, 1020, 1267)",Coarse
8-587_xp_000029.jpg,inclusion,5,4359,"(4.0, 361.31153934388624, 1135.1539343886213)","(4, 321, 1102, 5, 402, 1175)",Coarse
8-587_xp_000029.jpg,inclusion,6,4907,"(5.0, 1043.0727532097005, 356.786427552476)","(5, 997, 315, 6, 1089, 403)",Coarse
8-587_xp_000029.jpg,inclusion,7,1925,"(6.0, 647.7049350649351, 1237.828051948052)","(6, 623, 1207, 7, 672, 1270)",Medium
8-587_xp_000029.jpg,inclusion,8,29707,"(7.0, 502.13993334904234, 1622.2420641599624)","(7, 430, 1493, 8, 570, 1763)",Very Coarse
8-587_xp_000029.jpg,inclusion,9,2107,"(8.0, 849.7005220692928, 628.9121974371144)","(8, 823, 605, 9, 878, 655)",Coarse
8-587_xp_000029.jpg,inclusion,10,17141,"(9.0, 757.9642377924275, 910.7143690566478)","(9, 696, 805, 10, 825, 1005)",Very Coarse
8-587_xp_000029.jpg,inclusion,11,5993,"(10.0, 838.1915568162857, 393.58101117970966)","(10, 798, 343, 11, 882, 439)",Coarse
8-587_xp_000029.jpg,inclusion,12,10640,"(11.0, 91.85122180451128, 915.7906015037594)","(11, 30, 847, 12, 143, 1003)",Very Coarse
8-587_xp_000029.jpg,inclusion,13,2343,"(12.0, 598.3952198036706, 203.60435339308577)","(12, 574, 174, 13, 626, 235)",Coarse
8-587_xp_000029.jpg,inclusion,14,2877,"(13.0, 534.2471324296142, 1079.8988529718456)","(13, 502, 1056, 14, 568, 1104)",Coarse
8-587_xp_000029.jpg,inclusion,15,1890,"(14.0, 396.3031746031746, 1404.7391534391534)","(14, 369, 1383, 15, 420, 1431)",Medium
8-587_xp_000029.jpg,inclusion,16,4973,"(15.0, 289.52402976070783, 516.6567464307259)","(15, 262, 458, 16, 319, 571)",Coarse
8-587_xp_000029.jpg,inclusion,17,24437,"(16.0, 958.5421696607604, 107.75925850145272)","(16, 879, 2, 17, 1034, 231)",Very Coarse
8-587_xp_000029.jpg,inclusion,18,1423,"(17.0, 662.4125087842586, 247.47575544624033)","(17, 644, 221, 18, 681, 271)",Medium
8-587_xp_000029.jpg,inclusion,19,16117,"(18.0, 422.3583173047093, 1942.5668548737358)","(18, 355, 1858, 19, 490, 2038)",Very Coarse
8-587_xp_000029.jpg,inclusion,20,23018,"(19.0, 1436.562733512903, 1981.324876183856)","(19, 1336, 1900, 20, 1529, 2045)",Very Coarse
8-587_xp_000029.jpg,inclusion,21,9647,"(20.0, 758.3812584223075, 186.5072043122214)","(20, 703, 109, 21, 811, 255)",Very Coarse
8-587_xp_000029.jpg,inclusion,22,2308,"(21.0, 390.03466204506066, 761.2387348353553)","(21, 362, 732, 22, 415, 794)",Coarse
8-587_xp_000029.jpg,inclusion,23,3703,"(22.0, 1139.6894409937888, 413.46286794490953)","(22, 1096, 384, 23, 1176, 443)",Coarse
8-587_xp_000029.jpg,inclusion,24,14508,"(23.0, 508.6532947339399, 328.6626688723463)","(23, 463, 228, 24, 553, 448)",Very Coarse
8-587_xp_000029.jpg,inclusion,25,7918,"(24.0, 584.1682242990654, 88.51187168476888)","(24, 545, 17, 25, 636, 145)",Coarse
8-587_xp_000029.jpg,inclusion,26,986,"(25.0, 586.2849898580122, 976.4350912778905)","(25, 569, 957, 26, 606, 998)",Medium
8-587_xp_000029.jpg,inclusion,27,8871,"(26.0, 714.3473114643219, 1196.9811746139105)","(26, 682, 1123, 27, 760, 1293)",Very Coarse
8-587_xp_000029.jpg,inclusion,28,36712,"(27.0, 996.0945195031597, 1583.1490793201133)","(27, 869, 1466, 28, 1123, 1677)",Very Coarse
8-587_xp_000029.jpg,inclusion,29,727,"(28.0, 624.3053645116919, 646.980742778542)","(28, 610, 628, 29, 637, 663)",Medium
8-587_xp_000029.jpg,inclusion,30,2206,"(29.0, 1319.8132366273799, 1488.3499546690844)","(29, 1296, 1458, 30, 1345, 1520)",Coarse
8-587_xp_000029.jpg,inclusion,31,13067,"(30.0, 301.78288819162776, 1513.4521313231805)","(30, 239, 1443, 31, 367, 1590)",Very Coarse
8-587_xp_000029.jpg,inclusion,32,1596,"(31.0, 839.6228070175439, 1291.220551378446)","(31, 809, 1275, 32, 871, 1309)",Medium
8-587_xp_000029.jpg,inclusion,33,3804,"(32.0, 447.77917981072557, 165.1745531019979)","(32, 415, 132, 33, 481, 203)",Coarse
8-587_xp_000029.jpg,inclusion,34,778,"(33.0, 1221.1311053984575, 771.5964010282777)","(33, 1209, 755, 34, 1236, 790)",Medium
8-587_xp_000029.jpg,inclusion,35,3416,"(34.0, 831.7359484777518, 1178.9089578454332)","(34, 784, 1147, 35, 890, 1209)",Coarse
8-587_xp_000029.jpg,inclusion,36,2219,"(35.0, 816.0684993240199, 1105.802163136548)","(35, 786, 1084, 36, 850, 1128)",Coarse
8-587_xp_000029.jpg,inclusion,37,1384,"(36.0, 1403.7304913294797, 521.5223988439307)","(36, 1384, 496, 37, 1425, 545)",Medium
8-587_xp_000029.jpg,inclusion,38,20791,"(37.0, 152.42888749939877, 1987.986869318455)","(37, 45, 1904, 38, 250, 2047)",Very Coarse
8-587_xp_000029.jpg,inclusion,39,1331,"(38.0, 1069.5184072126222, 1090.1179564237416)","(38, 1053, 1063, 39, 1087, 1116)",Medium
8-587_xp_000029.jpg,inclusion,40,1751,"(39.0, 474.8600799543118, 1253.8606510565392)","(39, 454, 1228, 40, 496, 1283)",Medium
8-587_xp_000029.jpg,inclusion,41,6020,"(40.0, 718.36146179402, 1434.4476744186047)","(40, 671, 1377, 41, 770, 1489)",Coarse
8-587_xp_000029.jpg,inclusion,42,4067,"(41.0, 329.40398328005904, 1823.2719449225474)","(41, 300, 1772, 42, 358, 1883)",Coarse
8-587_xp_000029.jpg,inclusion,43,1419,"(42.0, 1219.662438336857, 348.44538407329105)","(42, 1204, 321, 43, 1238, 377)",Medium
8-587_xp_000029.jpg,inclusion,44,3474,"(43.0, 925.2429476108233, 1423.6232009211283)","(43, 894, 1387, 44, 959, 1458)",Coarse
8-587_xp_000029.jpg,inclusion,45,46701,"(44.0, 261.13076807777134, 149.72987730455452)","(44, 134, 21, 45, 402, 262)",Very Coarse
8-587_xp_000029.jpg,inclusion,46,4956,"(45.0, 595.568401937046, 1279.2685633575463)","(45, 561, 1216, 46, 625, 1350)",Coarse
8-587_xp_000029.jpg,inclusion,47,2358,"(46.0, 1283.6094147582696, 1100.4393553859202)","(46, 1258, 1070, 47, 1310, 1136)",Coarse
8-587_xp_000029.jpg,inclusion,48,1431,"(47.0, 930.9266247379455, 463.9622641509434)","(47, 918, 433, 48, 946, 497)",Medium
8-587_xp_000029.jpg,inclusion,49,10861,"(48.0, 616.9734831046865, 409.67056440475096)","(48, 553, 349, 49, 676, 467)",Very Coarse
8-587_xp_000029.jpg,inclusion,50,5662,"(49.0, 1300.822677499117, 416.1227481455316)","(49, 1254, 361, 50, 1343, 467)",Coarse
8-587_xp_000029.jpg,inclusion,51,5898,"(50.0, 47.149881315700235, 1899.0501865038996)","(50, 8, 1858, 51, 93, 1944)",Coarse
8-587_xp_000029.jpg,inclusion,52,40520,"(51.0, 1082.2776159921027, 1805.2022704837118)","(51, 937, 1712, 52, 1200, 1936)",Very Coarse
8-587_xp_000029.jpg,inclusion,53,3204,"(52.0, 356.1136079900125, 1603.871722846442)","(52, 331, 1558, 53, 387, 1652)",Coarse
8-587_xp_000029.jpg,inclusion,54,1492,"(53.0, 460.52949061662196, 829.5415549597856)","(53, 441, 801, 54, 478, 868)",Medium
8-587_xp_000029.jpg,inclusion,55,665,"(54.0, 1263.0406015037595, 1381.3684210526317)","(54, 1251, 1364, 55, 1278, 1400)",Medium
8-587_xp_000029.jpg,inclusion,56,3632,"(55.0, 1292.3628854625551, 1296.7034691629956)","(55, 1260, 1246, 56, 1322, 1345)",Coarse
8-587_xp_000029.jpg,inclusion,57,5690,"(56.0, 711.9862917398946, 1982.5583479789104)","(56, 675, 1926, 57, 747, 2041)",Coarse
8-587_xp_000029.jpg,inclusion,58,5017,"(57.0, 1343.1965317919075, 1348.83396452063)","(57, 1315, 1281, 58, 1376, 1423)",Coarse
8-587_xp_000029.jpg,inclusion,59,559,"(58.0, 247.5939177101968, 951.3291592128802)","(58, 234, 934, 59, 260, 966)",Medium
8-587_xp_000029.jpg,inclusion,60,40071,"(59.0, 667.1424471562975, 1677.8719522846948)","(59, 597, 1505, 60, 752, 1881)",Very Coarse
8-587_xp_000029.jpg,inclusion,61,3664,"(60.0, 1093.0420305676855, 1276.0231986899564)","(60, 1037, 1256, 61, 1163, 1300)",Coarse
8-587_xp_000029.jpg,inclusion,62,3431,"(61.0, 1214.247158262897, 1968.1314485572718)","(61, 1186, 1913, 62, 1238, 2010)",Coarse
8-587_xp_000029.jpg,inclusion,63,519,"(62.0, 405.02312138728325, 640.5818882466282)","(62, 393, 628, 63, 419, 653)",Medium
8-587_xp_000029.jpg,inclusion,64,792,"(63.0, 1216.4709595959596, 963.155303030303)","(63, 1204, 943, 64, 1231, 983)",Medium
8-587_xp_000029.jpg,inclusion,65,1213,"(64.0, 780.8268755152515, 1777.9348722176421)","(64, 760, 1751, 65, 800, 1806)",Medium
8-587_xp_000029.jpg,inclusion,66,1300,"(65.0, 389.84923076923076, 250.76538461538462)","(65, 372, 224, 66, 410, 277)",Medium
8-587_xp_000029.jpg,inclusion,67,430,"(66.0, 852.1395348837209, 722.0348837209302)","(66, 842, 710, 67, 864, 736)",Fine
8-587_xp_000029.jpg,inclusion,68,1101,"(67.0, 830.1934604904632, 1054.9827429609445)","(67, 814, 1034, 68, 848, 1077)",Medium
8-587_xp_000029.jpg,inclusion,69,4538,"(68.0, 878.7624504186866, 846.1178933450859)","(68, 826, 797, 69, 922, 897)",Coarse
8-587_xp_000029.jpg,inclusion,70,4803,"(69.0, 1380.8848636269, 1834.654174474287)","(69, 1347, 1798, 70, 1417, 1874)",Coarse
8-587_xp_000029.jpg,inclusion,71,752,"(70.0, 447.2340425531915, 44.0438829787234)","(70, 438, 21, 71, 458, 67)",Medium
8-587_xp_000029.jpg,inclusion,72,1155,"(71.0, 1050.925541125541, 1410.844155844156)","(71, 1028, 1394, 72, 1075, 1428)",Medium
8-587_xp_000029.jpg,inclusion,73,1151,"(72.0, 854.5360556038228, 1242.1138140747175)","(72, 831, 1227, 73, 878, 1258)",Medium
8-587_xp_000029.jpg,inclusion,74,2122,"(73.0, 1002.540999057493, 968.8977379830349)","(73, 979, 939, 74, 1026, 998)",Coarse
8-587_xp_000029.jpg,inclusion,75,439,"(74.0, 453.33940774487473, 1290.4646924829158)","(74, 443, 1278, 75, 464, 1304)",Fine
8-587_xp_000029.jpg,inclusion,76,3119,"(75.0, 74.45238858608528, 1138.4793202949663)","(75, 46, 1099, 76, 113, 1169)",Coarse
8-587_xp_000029.jpg,inclusion,77,1056,"(76.0, 953.874053030303, 1939.905303030303)","(76, 937, 1917, 77, 969, 1966)",Medium
8-587_xp_000029.jpg,inclusion,78,937,"(77.0, 72.63287086446104, 579.8249733191035)","(77, 59, 557, 78, 87, 602)",Medium
8-587_xp_000029.jpg,inclusion,79,1041,"(78.0, 337.5917387127762, 641.11911623439)","(78, 322, 619, 79, 353, 663)",Medium
8-587_xp_000029.jpg,inclusion,80,2858,"(79.0, 444.94541637508746, 380.5976207137859)","(79, 418, 341, 80, 474, 419)",Coarse
8-587_xp_000029.jpg,inclusion,81,870,"(80.0, 998.2229885057471, 1067.483908045977)","(80, 973, 1054, 81, 1022, 1080)",Medium
8-587_xp_000029.jpg,inclusion,82,543,"(81.0, 569.5322283609577, 1459.6445672191528)","(81, 555, 1450, 82, 585, 1470)",Medium
8-587_xp_000029.jpg,inclusion,83,773,"(82.0, 1362.372574385511, 665.5627425614489)","(82, 1346, 649, 83, 1382, 681)",Medium
8-587_xp_000029.jpg,inclusion,84,466,"(83.0, 1167.5321888412018, 316.7596566523605)","(83, 1156, 303, 84, 1179, 331)",Fine
8-587_xp_000029.jpg,inclusion,85,949,"(84.0, 226.11380400421496, 562.6923076923077)","(84, 210, 545, 85, 244, 580)",Medium
8-587_xp_000029.jpg,inclusion,86,2121,"(85.0, 922.022630834512, 1200.1895332390382)","(85, 902, 1168, 86, 940, 1242)",Coarse
8-587_xp_000029.jpg,inclusion,87,863,"(86.0, 1482.2433371958284, 643.2410196987254)","(86, 1464, 629, 87, 1501, 660)",Medium
8-587_xp_000029.jpg,inclusion,88,1430,"(87.0, 601.7510489510489, 735.2062937062936)","(87, 581, 711, 88, 628, 761)",Medium
8-587_xp_000029.jpg,inclusion,89,30370,"(88.0, 1486.7558116562398, 239.91461969048402)","(88, 1419, 44, 89, 1536, 397)",Very Coarse
8-587_xp_000029.jpg,inclusion,90,9829,"(89.0, 296.5575338284668, 1312.6229524875368)","(89, 243, 1252, 90, 357, 1393)",Very Coarse
8-587_xp_000029.jpg,inclusion,91,659,"(90.0, 1181.4825493171472, 1097.0075872534142)","(90, 1166, 1082, 91, 1198, 1112)",Medium
8-587_xp_000029.jpg,inclusion,92,2537,"(91.0, 1365.1978715017738, 132.2096964919196)","(91, 1338, 102, 92, 1391, 165)",Coarse
8-587_xp_000029.jpg,inclusion,93,6400,"(92.0, 1085.17828125, 2014.8559375)","(92, 1022, 1982, 93, 1144, 2044)",Coarse
8-587_xp_000029.jpg,inclusion,94,2120,"(93.0, 1232.1778301886793, 126.0311320754717)","(93, 1212, 85, 94, 1250, 166)",Coarse
8-587_xp_000029.jpg,inclusion,95,1871,"(94.0, 1458.1956173169428, 881.4136825227151)","(94, 1431, 859, 95, 1485, 903)",Medium
8-587_xp_000029.jpg,inclusion,96,564,"(95.0, 254.22340425531914, 1754.2801418439717)","(95, 242, 1742, 96, 268, 1768)",Medium
8-587_xp_000029.jpg,inclusion,97,4926,"(96.0, 54.06008932196508, 1631.5428339423468)","(96, 7, 1598, 97, 102, 1663)",Coarse
8-587_xp_000029.jpg,inclusion,98,1135,"(97.0, 562.8555066079296, 1802.5894273127753)","(97, 543, 1784, 98, 582, 1820)",Medium
8-587_xp_000029.jpg,inclusion,99,980,"(98.0, 1107.930612244898, 235.70816326530613)","(98, 1087, 220, 99, 1128, 249)",Medium
8-587_xp_000029.jpg,inclusion,100,5006,"(99.0, 144.93088294047143, 1593.0914902117458)","(99, 92, 1564, 100, 206, 1624)",Coarse
8-587_xp_000060.jpg,inclusion,1,19953,"(0.0, 516.3530797373828, 627.0763794918057)","(0, 419, 555, 1, 609, 702)",Very Coarse
8-587_xp_000060.jpg,inclusion,2,4885,"(1.0, 827.121187308086, 320.6362333674514)","(1, 786, 266, 2, 874, 373)",Coarse
8-587_xp_000060.jpg,inclusion,3,28107,"(2.0, 313.93321948269113, 822.3994734407798)","(2, 206, 732, 3, 426, 939)",Very Coarse
8-587_xp_000060.jpg,inclusion,4,38582,"(3.0, 250.04066663210824, 412.33344564822977)","(3, 141, 269, 4, 391, 538)",Very Coarse
8-587_xp_000060.jpg,inclusion,5,7646,"(4.0, 753.8291917342401, 96.05362280931206)","(4, 712, 43, 5, 805, 158)",Coarse
8-587_xp_000060.jpg,inclusion,6,1310,"(5.0, 709.1603053435115, 526.6641221374045)","(5, 688, 507, 6, 728, 550)",Medium
8-587_xp_000060.jpg,inclusion,7,73959,"(6.0, 580.0724861071675, 1712.2121175245745)","(6, 388, 1563, 7, 768, 1873)",Very Coarse
8-587_xp_000060.jpg,inclusion,8,9253,"(7.0, 301.8289203501567, 1173.51323894953)","(7, 240, 1107, 8, 376, 1238)",Very Coarse
8-587_xp_000060.jpg,inclusion,9,36116,"(8.0, 326.1109757448222, 1790.381492967106)","(8, 199, 1651, 9, 441, 1932)",Very Coarse
8-587_xp_000060.jpg,inclusion,10,9169,"(9.0, 824.8729414330897, 584.4835859962918)","(9, 768, 527, 10, 880, 640)",Very Coarse
8-587_xp_000060.jpg,inclusion,11,22355,"(10.0, 443.5983001565645, 340.82021919033775)","(10, 364, 245, 11, 525, 433)",Very Coarse
8-587_xp_000060.jpg,inclusion,12,6312,"(11.0, 80.2441381495564, 839.9188846641318)","(11, 30, 788, 12, 129, 891)",Coarse
8-587_xp_000060.jpg,inclusion,13,7776,"(12.0, 165.08976337448559, 1430.7941100823045)","(12, 116, 1380, 13, 228, 1475)",Coarse
8-587_xp_000060.jpg,inclusion,14,12681,"(13.0, 326.9565491680467, 1308.519675104487)","(13, 260, 1239, 14, 416, 1389)",Very Coarse
8-587_xp_000060.jpg,inclusion,15,10073,"(14.0, 632.5109699195871, 437.81286607763326)","(14, 572, 376, 15, 690, 497)",Very Coarse
8-587_xp_000060.jpg,inclusion,16,7412,"(15.0, 535.8630599028602, 997.2927684835402)","(15, 487, 944, 16, 585, 1052)",Coarse
8-587_xp_000060.jpg,inclusion,17,3410,"(16.0, 691.2859237536657, 1953.7120234604106)","(16, 662, 1915, 17, 723, 1994)",Coarse
8-587_xp_000060.jpg,inclusion,18,7414,"(17.0, 348.81467493930404, 642.9840841650931)","(17, 299, 600, 18, 407, 691)",Coarse
8-587_xp_000060.jpg,inclusion,19,4705,"(18.0, 605.89564293305, 32.92199787460149)","(18, 565, 1, 19, 653, 72)",Coarse
8-587_xp_000060.jpg,inclusion,20,62414,"(19.0, 118.12618963694042, 1916.92947095203)","(19, 3, 1751, 20, 263, 2046)",Very Coarse
8-587_xp_000060.jpg,inclusion,21,4387,"(20.0, 414.5076361978573, 998.8094369728744)","(20, 375, 948, 21, 454, 1059)",Coarse
8-587_xp_000060.jpg,inclusion,22,9961,"(21.0, 311.89458889669714, 1586.2979620520027)","(21, 253, 1527, 22, 370, 1664)",Very Coarse
8-587_xp_000060.jpg,inclusion,23,904,"(22.0, 402.14933628318585, 907.0132743362832)","(22, 390, 886, 23, 417, 932)",Medium
8-587_xp_000060.jpg,inclusion,24,700,"(23.0, 64.92142857142858, 1378.432857142857)","(23, 50, 1366, 24, 84, 1393)",Medium
8-587_xp_000060.jpg,inclusion,25,672,"(24.0, 836.9880952380952, 160.13839285714286)","(24, 825, 143, 25, 850, 179)",Medium
8-587_xp_000060.jpg,inclusion,26,15548,"(25.0, 32.23340622588114, 1034.2380370465655)","(25, 0, 883, 26, 73, 1167)",Very Coarse
8-587_xp_000060.jpg,inclusion,27,1907,"(26.0, 209.67278447823807, 38.541688515993705)","(26, 175, 16, 27, 238, 58)",Medium
8-587_xp_000060.jpg,inclusion,28,5170,"(27.0, 549.6158607350096, 1879.7624758220502)","(27, 501, 1843, 28, 589, 1922)",Coarse
8-587_xp_000060.jpg,inclusion,29,21992,"(28.0, 470.3913695889414, 78.2513186613314)","(28, 379, 0, 29, 550, 181)",Very Coarse
8-587_xp_000060.jpg,inclusion,30,1271,"(29.0, 889.9417781274587, 1493.119590873328)","(29, 870, 1471, 30, 914, 1518)",Medium
8-587_xp_000060.jpg,inclusion,31,4281,"(30.0, 233.7792571829012, 995.0742817098809)","(30, 196, 960, 31, 271, 1034)",Coarse
8-587_xp_000060.jpg,inclusion,32,3723,"(31.0, 534.9701853344077, 865.3779210314262)","(31, 502, 820, 32, 563, 908)",Coarse
8-587_xp_000060.jpg,inclusion,33,295,"(32.0, 688.1661016949153, 205.8779661016949)","(32, 680, 197, 33, 698, 216)",Fine
8-587_xp_000060.jpg,inclusion,34,3084,"(33.0, 705.8722438391699, 629.0590142671855)","(33, 671, 583, 34, 737, 671)",Coarse
8-587_xp_000060.jpg,inclusion,35,292,"(34.0, 12.667808219178083, 1404.5650684931506)","(34, 5, 1395, 35, 22, 1415)",Fine
8-587_xp_000060.jpg,inclusion,36,3041,"(35.0, 748.2088128904966, 2013.0792502466295)","(35, 715, 1975, 36, 777, 2046)",Coarse
8-587_xp_000060.jpg,inclusion,37,1841,"(36.0, 950.3546985334058, 308.59641499185227)","(36, 931, 280, 37, 970, 341)",Medium
8-587_xp_000060.jpg,inclusion,38,7782,"(37.0, 733.3050629658186, 1492.7382420971473)","(37, 678, 1448, 38, 782, 1538)",Coarse
8-587_xp_000060.jpg,inclusion,39,119609,"(38.0, 667.7111588592832, 1245.1216714461286)","(38, 455, 1048, 39, 855, 1430)",Very Coarse
8-587_xp_000060.jpg,inclusion,40,1348,"(39.0, 574.8538575667656, 1967.7321958456973)","(39, 554, 1949, 40, 599, 1988)",Medium
8-587_xp_000060.jpg,inclusion,41,268,"(40.0, 7.156716417910448, 1642.4626865671642)","(40, 0, 1632, 41, 16, 1653)",Fine
8-587_xp_000060.jpg,inclusion,42,11131,"(41.0, 744.2011499416045, 1652.7453059024347)","(41, 704, 1560, 42, 781, 1751)",Very Coarse
8-587_xp_000060.jpg,inclusion,43,763,"(42.0, 1227.0956749672346, 1211.7195281782438)","(42, 1199, 1182, 43, 1253, 1242)",Medium
8-587_xp_000060.jpg,inclusion,44,4751,"(43.0, 319.65565144180175, 1452.194274889497)","(43, 273, 1417, 44, 380, 1489)",Coarse
8-587_xp_000060.jpg,inclusion,45,451,"(44.0, 525.2039911308204, 754.7339246119734)","(44, 516, 741, 45, 536, 769)",Fine
8-587_xp_000060.jpg,inclusion,46,686,"(45.0, 1508.893586005831, 319.81632653061223)","(45, 1485, 311, 46, 1532, 330)",Medium
8-587_xp_000060.jpg,inclusion,47,317,"(46.0, 672.0883280757098, 164.38485804416405)","(46, 665, 152, 47, 680, 178)",Fine
8-587_xp_000060.jpg,inclusion,48,558,"(47.0, 127.72222222222223, 1550.3387096774193)","(47, 117, 1537, 48, 141, 1565)",Medium
8-587_xp_000060.jpg,inclusion,49,43058,"(48.0, 595.6495889265642, 1485.293232384226)","(48, 421, 1410, 49, 788, 1562)",Very Coarse
8-587_xp_000060.jpg,inclusion,50,821,"(49.0, 567.0243605359318, 2035.4141291108403)","(49, 544, 2020, 50, 585, 2048)",Medium
8-587_xp_000060.jpg,inclusion,51,827,"(50.0, 1026.7666263603385, 715.8149939540508)","(50, 994, 690, 51, 1054, 748)",Medium
8-587_xp_000060.jpg,inclusion,52,273,"(51.0, 641.8937728937728, 249.28571428571428)","(51, 634, 240, 52, 651, 259)",Fine
8-587_xp_000060.jpg,inclusion,53,1265,"(52.0, 44.69881422924901, 184.88695652173914)","(52, 28, 162, 53, 63, 209)",Medium
8-587_xp_000065.jpg,inclusion,1,10601,"(0.0, 501.07725686256015, 1757.6188095462692)","(0, 442, 1691, 1, 569, 1824)",Very Coarse
8-587_xp_000065.jpg,inclusion,2,19508,"(1.0, 454.52814230059465, 1539.7554336682388)","(1, 372, 1429, 2, 529, 1653)",Very Coarse
8-587_xp_000065.jpg,inclusion,3,1483,"(2.0, 393.99730276466624, 497.02562373567093)","(2, 370, 477, 3, 417, 517)",Medium
8-587_xp_000065.jpg,inclusion,4,8441,"(3.0, 136.41724914109702, 229.1666864115626)","(3, 79, 182, 4, 199, 275)",Very Coarse
8-587_xp_000065.jpg,inclusion,5,16872,"(4.0, 151.94096728307255, 541.2063774300616)","(4, 47, 486, 5, 259, 588)",Very Coarse
8-587_xp_000065.jpg,inclusion,6,7377,"(5.0, 215.32614884099226, 406.2514572319371)","(5, 153, 363, 6, 263, 451)",Coarse
8-587_xp_000065.jpg,inclusion,7,53052,"(6.0, 436.52454195883286, 798.0477833069441)","(6, 347, 588, 7, 516, 1016)",Very Coarse
8-587_xp_000065.jpg,inclusion,8,12227,"(7.0, 223.4938251410812, 1171.618876257463)","(7, 167, 1099, 8, 297, 1239)",Very Coarse
8-587_xp_000065.jpg,inclusion,9,1650,"(8.0, 512.4545454545455, 1418.5424242424242)","(8, 492, 1389, 9, 532, 1448)",Medium
8-587_xp_000065.jpg,inclusion,10,1743,"(9.0, 285.95811818703385, 151.29661503155478)","(9, 270, 112, 10, 303, 196)",Medium
8-587_xp_000065.jpg,inclusion,11,22032,"(10.0, 593.844362745098, 1976.797385620915)","(10, 502, 1903, 11, 688, 2047)",Very Coarse
8-587_xp_000065.jpg,inclusion,12,4180,"(11.0, 497.95765550239236, 297.03732057416266)","(11, 466, 244, 12, 533, 339)",Coarse
8-587_xp_000065.jpg,inclusion,13,472,"(12.0, 390.1525423728813, 1174.6885593220338)","(12, 380, 1162, 13, 403, 1189)",Fine
8-587_xp_000065.jpg,inclusion,14,1530,"(13.0, 287.16928104575163, 1252.375816993464)","(13, 267, 1233, 14, 314, 1278)",Medium
8-587_xp_000065.jpg,inclusion,15,428,"(14.0, 363.1285046728972, 1741.0140186915887)","(14, 352, 1728, 15, 376, 1756)",Fine
8-587_xp_000065.jpg,inclusion,16,86556,"(15.0, 125.83173898978696, 1599.8398031332317)","(15, 14, 1329, 16, 250, 1833)",Very Coarse
8-587_xp_000065.jpg,inclusion,17,2322,"(16.0, 442.7045650301464, 1072.4435831180017)","(16, 420, 1042, 17, 471, 1100)",Coarse
8-587_xp_000065.jpg,inclusion,18,4826,"(17.0, 589.0437215084957, 1256.558433485288)","(17, 545, 1218, 18, 631, 1306)",Coarse
8-587_xp_000065.jpg,inclusion,19,707,"(18.0, 132.03536067892503, 797.8543140028288)","(18, 121, 778, 19, 143, 818)",Medium
8-587_xp_000065.jpg,inclusion,20,852,"(19.0, 567.755868544601, 700.5727699530516)","(19, 555, 681, 20, 582, 720)",Medium
8-587_xp_000065.jpg,inclusion,21,8194,"(20.0, 256.0191603612399, 1971.6388821088601)","(20, 209, 1925, 21, 305, 2026)",Very Coarse
8-587_xp_000065.jpg,inclusion,22,1484,"(21.0, 429.9919137466307, 339.60714285714283)","(21, 407, 316, 22, 451, 362)",Medium
8-587_xp_000065.jpg,inclusion,23,1058,"(22.0, 636.8620037807183, 1116.8071833648394)","(22, 618, 1094, 23, 653, 1138)",Medium
8-587_xp_000065.jpg,inclusion,24,1930,"(23.0, 69.30310880829016, 949.499481865285)","(23, 42, 922, 24, 96, 980)",Medium
8-587_xp_000065.jpg,inclusion,25,8869,"(24.0, 432.3904611568384, 144.7830646070583)","(24, 385, 78, 25, 483, 217)",Very Coarse
8-587_xp_000065.jpg,inclusion,26,1228,"(25.0, 444.90065146579803, 481.1644951140065)","(25, 429, 456, 26, 464, 503)",Medium
8-587_xp_000065.jpg,inclusion,27,706,"(26.0, 267.8201133144476, 969.671388101983)","(26, 253, 955, 27, 285, 986)",Medium
8-587_xp_000065.jpg,inclusion,28,317,"(27.0, 415.97791798107255, 1676.8107255520504)","(27, 407, 1668, 28, 427, 1689)",Fine
8-587_xp_000065.jpg,inclusion,29,970,"(28.0, 780.4762886597938, 1129.4494845360825)","(28, 764, 1103, 29, 800, 1159)",Medium
8-587_xp_000065.jpg,inclusion,30,1764,"(29.0, 558.2443310657596, 969.969387755102)","(29, 535, 944, 30, 581, 996)",Medium
8-587_xp_000065.jpg,inclusion,31,1390,"(30.0, 696.2920863309353, 1247.9309352517985)","(30, 674, 1228, 31, 717, 1270)",Medium
8-587_xp_000065.jpg,inclusion,32,3804,"(31.0, 878.9868559411146, 332.3430599369085)","(31, 827, 245, 32, 926, 404)",Coarse
8-587_xp_000065.jpg,inclusion,33,614,"(32.0, 277.9071661237785, 1669.2638436482084)","(32, 263, 1650, 33, 291, 1690)",Medium
8-587_xp_000065.jpg,inclusion,34,3609,"(33.0, 552.8476032141867, 1074.3948462177889)","(33, 516, 1038, 34, 590, 1108)",Coarse
8-587_xp_000065.jpg,inclusion,35,204,"(34.0, 280.671568627451, 890.4803921568628)","(34, 274, 882, 35, 289, 900)",Fine
8-587_xp_000065.jpg,inclusion,36,853,"(35.0, 222.10082063305978, 108.31301289566237)","(35, 207, 90, 36, 238, 128)",Medium
8-587_xp_000065.jpg,inclusion,37,753,"(36.0, 405.2815405046481, 60.48871181938911)","(36, 388, 44, 37, 423, 80)",Medium
8-587_xp_000065.jpg,inclusion,38,378,"(37.0, 264.6216931216931, 1746.6216931216932)","(37, 256, 1733, 38, 273, 1762)",Fine
8-587_xp_000065.jpg,inclusion,39,431,"(38.0, 393.53132250580046, 241.68677494199537)","(38, 385, 227, 39, 403, 257)",Fine
8-587_xp_000065.jpg,inclusion,40,941,"(39.0, 560.8767268862912, 619.6950053134963)","(39, 541, 605, 40, 581, 637)",Medium
8-587_xp_000065.jpg,inclusion,41,443,"(40.0, 120.12641083521444, 18.16252821670429)","(40, 108, 8, 41, 132, 30)",Fine
8-587_xp_000065.jpg,inclusion,42,4271,"(41.0, 427.01919925076095, 1063.4518848044954)","(41, 389, 1022, 42, 473, 1101)",Coarse
8-587_xp_000065.jpg,inclusion,43,637,"(42.0, 55.94662480376766, 364.2276295133438)","(42, 38, 354, 43, 76, 375)",Medium
8-587_xp_000065.jpg,inclusion,44,943,"(43.0, 1362.068928950159, 345.6797454931071)","(43, 1345, 329, 44, 1387, 370)",Medium
8-587_xp_000065.jpg,inclusion,45,479,"(44.0, 287.15657620041753, 1467.849686847599)","(44, 278, 1451, 45, 297, 1483)",Fine
8-587_xp_000065.jpg,inclusion,46,4218,"(45.0, 330.43243243243245, 53.92603129445235)","(45, 286, 20, 46, 371, 93)",Coarse
8-587_xp_000043.jpg,inclusion,1,9015,"(0.0, 1359.6749861342207, 634.6232945091514)","(0, 1300, 583, 1, 1416, 696)",Very Coarse
8-587_xp_000043.jpg,inclusion,2,4585,"(1.0, 434.62617230098147, 938.8793893129771)","(1, 397, 899, 2, 468, 992)",Coarse
8-587_xp_000043.jpg,inclusion,3,15446,"(2.0, 1197.9028227372783, 588.0060857179852)","(2, 1116, 517, 3, 1299, 666)",Very Coarse
8-587_xp_000043.jpg,inclusion,4,17771,"(3.0, 735.7718755275449, 1351.5296269202634)","(3, 641, 1256, 4, 818, 1436)",Very Coarse
8-587_xp_000043.jpg,inclusion,5,5347,"(4.0, 535.5846268935852, 1441.4106975874322)","(4, 496, 1390, 5, 576, 1488)",Coarse
8-587_xp_000043.jpg,inclusion,6,14392,"(5.0, 282.4249583101723, 1002.178362979433)","(5, 218, 921, 6, 354, 1088)",Very Coarse
8-587_xp_000043.jpg,inclusion,7,17861,"(6.0, 332.3135322770282, 188.46912266950338)","(6, 241, 98, 7, 417, 288)",Very Coarse
8-587_xp_000043.jpg,inclusion,8,18789,"(7.0, 659.8670498696046, 1082.2261429559849)","(7, 557, 1004, 8, 747, 1145)",Very Coarse
8-587_xp_000043.jpg,inclusion,9,25261,"(8.0, 711.7241201852659, 489.13966192945645)","(8, 625, 368, 9, 786, 612)",Very Coarse
8-587_xp_000043.jpg,inclusion,10,3835,"(9.0, 1086.5395045632333, 526.6471968709257)","(9, 1052, 489, 10, 1124, 569)",Coarse
8-587_xp_000043.jpg,inclusion,11,9081,"(10.0, 923.3179165290167, 1563.4422420438277)","(10, 873, 1500, 11, 976, 1628)",Very Coarse
8-587_xp_000043.jpg,inclusion,12,6178,"(11.0, 1290.176432502428, 1348.4734541922953)","(11, 1249, 1295, 12, 1332, 1409)",Coarse
8-587_xp_000043.jpg,inclusion,13,18343,"(12.0, 441.0954587581094, 494.6018099547511)","(12, 352, 426, 13, 522, 572)",Very Coarse
8-587_xp_000043.jpg,inclusion,14,16959,"(13.0, 627.9788312990153, 607.8154961967097)","(13, 560, 518, 14, 686, 726)",Very Coarse
8-587_xp_000043.jpg,inclusion,15,25212,"(14.0, 587.8944153577661, 236.0710376011423)","(14, 502, 150, 15, 677, 323)",Very Coarse
8-587_xp_000043.jpg,inclusion,16,2564,"(15.0, 1354.1158346333852, 448.1922776911076)","(15, 1322, 419, 16, 1389, 481)",Coarse
8-587_xp_000043.jpg,inclusion,17,949,"(16.0, 1361.7513171759747, 1371.4035827186513)","(16, 1346, 1352, 17, 1377, 1392)",Medium
8-587_xp_000043.jpg,inclusion,18,6824,"(17.0, 1100.3528722157093, 763.8553634232122)","(17, 1041, 728, 18, 1162, 804)",Coarse
8-587_xp_000043.jpg,inclusion,19,6998,"(18.0, 1194.5464418405259, 1393.5914547013433)","(18, 1159, 1327, 19, 1230, 1457)",Coarse
8-587_xp_000043.jpg,inclusion,20,18388,"(19.0, 896.0500870132695, 1211.124320208832)","(19, 800, 1136, 20, 988, 1283)",Very Coarse
8-587_xp_000043.jpg,inclusion,21,2038,"(20.0, 297.3532875368008, 572.97350343474)","(20, 269, 550, 21, 323, 596)",Coarse
8-587_xp_000043.jpg,inclusion,22,2254,"(21.0, 1363.0629991126887, 1032.8012422360248)","(21, 1335, 1006, 22, 1393, 1062)",Coarse
8-587_xp_000043.jpg,inclusion,23,2659,"(22.0, 607.481760060173, 1559.2971041745018)","(22, 569, 1529, 23, 645, 1588)",Coarse
8-587_xp_000043.jpg,inclusion,24,1180,"(23.0, 1131.85, 867.793220338983)","(23, 1117, 845, 24, 1148, 892)",Medium
8-587_xp_000043.jpg,inclusion,25,1150,"(24.0, 746.5365217391304, 1674.1782608695653)","(24, 727, 1650, 25, 766, 1699)",Medium
8-587_xp_000043.jpg,inclusion,26,15787,"(25.0, 383.09343130423764, 1265.2091594349781)","(25, 327, 1180, 26, 457, 1340)",Very Coarse
8-587_xp_000043.jpg,inclusion,27,1658,"(26.0, 433.74427020506636, 124.03558504221954)","(26, 405, 100, 27, 459, 148)",Medium
8-587_xp_000043.jpg,inclusion,28,991,"(27.0, 1058.3329969727547, 1254.1220988900102)","(27, 1040, 1240, 28, 1081, 1271)",Medium
8-587_xp_000043.jpg,inclusion,29,8624,"(28.0, 938.4016697588127, 1379.1900510204082)","(28, 872, 1322, 29, 1018, 1427)",Very Coarse
8-587_xp_000043.jpg,inclusion,30,5968,"(29.0, 1206.4896112600536, 1049.253518766756)","(29, 1166, 986, 30, 1256, 1108)",Coarse
8-587_xp_000043.jpg,inclusion,31,1607,"(30.0, 291.30802738021157, 1196.5052893590541)","(30, 273, 1168, 31, 309, 1224)",Medium
8-587_xp_000043.jpg,inclusion,32,1800,"(31.0, 487.90555555555557, 1555.1338888888888)","(31, 465, 1533, 32, 514, 1580)",Medium
8-587_xp_000043.jpg,inclusion,33,1176,"(32.0, 515.5884353741496, 921.8460884353741)","(32, 500, 897, 33, 532, 946)",Medium
8-587_xp_000043.jpg,inclusion,34,3648,"(33.0, 801.8889802631579, 1424.3374451754387)","(33, 755, 1386, 34, 845, 1460)",Coarse
8-587_xp_000043.jpg,inclusion,35,4859,"(34.0, 230.54332167112574, 1121.8787816423132)","(34, 189, 1073, 35, 266, 1180)",Coarse
8-587_xp_000043.jpg,inclusion,36,6432,"(35.0, 607.9678171641791, 1253.5013992537313)","(35, 542, 1221, 36, 681, 1292)",Coarse
8-587_xp_000043.jpg,inclusion,37,7184,"(36.0, 959.0963251670379, 475.4749443207127)","(36, 890, 435, 37, 1043, 524)",Coarse
8-587_xp_000043.jpg,inclusion,38,22076,"(37.0, 779.79846892553, 1978.2592861025548)","(37, 663, 1917, 38, 885, 2044)",Very Coarse
8-587_xp_000043.jpg,inclusion,39,2023,"(38.0, 751.3648047454276, 1756.9545229856649)","(38, 727, 1732, 39, 780, 1783)",Coarse
8-587_xp_000043.jpg,inclusion,40,3756,"(39.0, 957.2492012779553, 57.26943556975506)","(39, 921, 19, 40, 991, 100)",Coarse
8-587_xp_000043.jpg,inclusion,41,4189,"(40.0, 1293.3332537598471, 387.5251850083552)","(40, 1239, 357, 41, 1344, 430)",Coarse
8-587_xp_000043.jpg,inclusion,42,1485,"(41.0, 683.7178451178452, 1867.7824915824915)","(41, 662, 1847, 42, 706, 1889)",Medium
8-587_xp_000043.jpg,inclusion,43,734,"(42.0, 798.3365122615804, 400.8174386920981)","(42, 783, 386, 43, 813, 415)",Medium
8-587_xp_000043.jpg,inclusion,44,3047,"(43.0, 1316.5848375451264, 885.6800131276666)","(43, 1281, 858, 44, 1362, 917)",Coarse
8-587_xp_000043.jpg,inclusion,45,1707,"(44.0, 116.2671353251318, 445.162272993556)","(44, 91, 420, 45, 142, 472)",Medium
8-587_xp_000043.jpg,inclusion,46,2899,"(45.0, 457.98792687133493, 1086.9196274577441)","(45, 423, 1059, 46, 488, 1124)",Coarse
8-587_xp_000043.jpg,inclusion,47,1906,"(46.0, 484.00786988457503, 1643.2654774396642)","(46, 463, 1617, 47, 504, 1672)",Medium
8-587_xp_000043.jpg,inclusion,48,3550,"(47.0, 88.5969014084507, 1477.8360563380281)","(47, 47, 1446, 48, 119, 1518)",Coarse
8-587_xp_000043.jpg,inclusion,49,23494,"(48.0, 293.3545586107091, 1519.220907465736)","(48, 200, 1429, 49, 385, 1615)",Very Coarse
8-587_xp_000043.jpg,inclusion,50,31,"(48.0, 325.64516129032256, 1578.225806451613)","(48, 323, 1575, 49, 330, 1582)",Fine
8-587_xp_000043.jpg,inclusion,51,13722,"(49.0, 105.87596560268183, 931.351260749162)","(49, 44, 856, 50, 167, 1010)",Very Coarse
8-587_xp_000043.jpg,inclusion,52,2155,"(50.0, 394.60696055684457, 1704.4723897911833)","(50, 373, 1667, 51, 418, 1737)",Coarse
8-587_xp_000043.jpg,inclusion,53,877,"(51.0, 796.9338654503991, 1706.7525655644242)","(51, 781, 1689, 52, 811, 1726)",Medium
8-587_xp_000043.jpg,inclusion,54,3612,"(52.0, 1500.5406976744187, 424.3676633444075)","(52, 1469, 385, 53, 1532, 466)",Coarse
8-587_xp_000043.jpg,inclusion,55,4929,"(53.0, 1092.5431121931426, 1074.1765063907487)","(53, 1049, 1036, 54, 1136, 1111)",Coarse
8-587_xp_000043.jpg,inclusion,56,986,"(54.0, 311.31237322515216, 808.1419878296145)","(54, 295, 790, 55, 329, 828)",Medium
8-587_xp_000043.jpg,inclusion,57,975,"(55.0, 1117.5230769230768, 1446.591794871795)","(55, 1101, 1429, 56, 1136, 1467)",Medium
8-587_xp_000043.jpg,inclusion,58,498,"(56.0, 1011.5582329317269, 1219.5261044176707)","(56, 1000, 1208, 57, 1025, 1233)",Fine
8-587_xp_000043.jpg,inclusion,59,311,"(57.0, 522.6398713826367, 836.3118971061093)","(57, 511, 828, 58, 534, 845)",Fine
8-587_xp_000043.jpg,inclusion,60,500,"(58.0, 686.414, 50.472)","(58, 676, 35, 59, 697, 66)",Fine
8-587_xp_000043.jpg,inclusion,61,2255,"(59.0, 848.4421286031043, 713.219955654102)","(59, 817, 687, 60, 880, 744)",Coarse
8-587_xp_000043.jpg,inclusion,62,661,"(60.0, 227.03630862329803, 1959.3116490166415)","(60, 209, 1946, 61, 243, 1971)",Medium
8-587_xp_000043.jpg,inclusion,63,722,"(61.0, 1509.6551246537397, 1198.8739612188365)","(61, 1496, 1185, 62, 1529, 1215)",Medium
8-587_xp_000043.jpg,inclusion,64,565,"(62.0, 101.95398230088496, 703.7769911504424)","(62, 90, 686, 63, 114, 719)",Medium
8-587_xp_000043.jpg,inclusion,65,1480,"(63.0, 475.03986486486485, 1238.3033783783783)","(63, 451, 1212, 64, 502, 1266)",Medium
8-587_xp_000043.jpg,inclusion,66,8256,"(64.0, 365.28512596899225, 1985.6609738372092)","(64, 327, 1912, 65, 419, 2045)",Very Coarse
8-587_xp_000043.jpg,inclusion,67,1001,"(65.0, 1515.5944055944055, 472.04595404595403)","(65, 1497, 452, 66, 1534, 493)",Medium
8-587_xp_000043.jpg,inclusion,68,1392,"(66.0, 1233.6522988505747, 217.51508620689654)","(66, 1207, 199, 67, 1260, 234)",Medium
8-587_xp_000043.jpg,inclusion,69,5969,"(67.0, 1054.2777684704306, 1600.1209582844697)","(67, 1000, 1567, 68, 1110, 1637)",Coarse
8-587_xp_000043.jpg,inclusion,70,811,"(68.0, 285.49075215782983, 1248.7583230579532)","(68, 271, 1233, 69, 303, 1265)",Medium
8-587_xp_000043.jpg,inclusion,71,2896,"(69.0, 605.7727900552486, 904.4917127071823)","(69, 568, 873, 70, 646, 939)",Coarse
8-587_xp_000043.jpg,inclusion,72,2239,"(70.0, 75.25725770433229, 764.0142920946852)","(70, 23, 714, 71, 119, 815)",Coarse
8-587_xp_000043.jpg,inclusion,73,708,"(71.0, 1492.954802259887, 530.5254237288135)","(71, 1477, 515, 72, 1508, 546)",Medium
8-587_xp_000043.jpg,inclusion,74,628,"(72.0, 1308.1305732484077, 1454.8598726114649)","(72, 1298, 1436, 73, 1319, 1477)",Medium
8-587_xp_000043.jpg,inclusion,75,12548,"(73.0, 1479.12352566146, 851.8025183296143)","(73, 1404, 779, 74, 1533, 910)",Very Coarse
8-587_xp_000043.jpg,inclusion,76,9042,"(74.0, 902.112696306127, 1704.0798495907984)","(74, 840, 1656, 75, 961, 1762)",Very Coarse
8-587_xp_000043.jpg,inclusion,77,181,"(74.0, 961.2872928176796, 1705.0165745856355)","(74, 957, 1694, 75, 969, 1723)",Fine
8-587_xp_000043.jpg,inclusion,78,903,"(75.0, 779.8792912513843, 1091.52934662237)","(75, 766, 1070, 76, 794, 1114)",Medium
8-587_xp_000043.jpg,inclusion,79,2028,"(76.0, 442.68836291913215, 1987.6972386587772)","(76, 421, 1954, 77, 460, 2024)",Coarse
8-587_xp_000043.jpg,inclusion,80,460,"(77.0, 518.9760869565217, 1722.0260869565218)","(77, 504, 1713, 78, 535, 1733)",Fine
8-587_xp_000043.jpg,inclusion,81,1576,"(78.0, 231.99682741116752, 27.960659898477157)","(78, 209, 6, 79, 257, 51)",Medium
8-587_xp_000043.jpg,inclusion,82,471,"(79.0, 1412.352441613588, 950.9108280254777)","(79, 1396, 942, 80, 1429, 961)",Fine
8-587_xp_000043.jpg,inclusion,83,1183,"(80.0, 28.234150464919697, 1393.9306846999154)","(80, 12, 1372, 81, 45, 1417)",Medium
8-587_xp_000043.jpg,inclusion,84,4339,"(81.0, 1501.066144272874, 1099.0977183682876)","(81, 1463, 1041, 82, 1536, 1152)",Coarse
8-587_xp_000043.jpg,inclusion,85,792,"(82.0, 1392.6704545454545, 70.45580808080808)","(82, 1377, 53, 83, 1409, 87)",Medium
8-587_xp_000043.jpg,inclusion,86,755,"(83.0, 239.3046357615894, 1280.4158940397351)","(83, 223, 1264, 84, 257, 1295)",Medium
8-587_xp_000043.jpg,inclusion,87,289,"(84.0, 752.6989619377163, 1151.9930795847752)","(84, 745, 1142, 85, 762, 1164)",Fine
8-587_xp_000043.jpg,inclusion,88,455,"(85.0, 291.1010989010989, 449.55384615384617)","(85, 278, 439, 86, 304, 463)",Fine
8-587_xp_000043.jpg,inclusion,89,410,"(86.0, 1292.7585365853658, 820.9146341463414)","(86, 1282, 810, 87, 1305, 833)",Fine
8-587_xp_000043.jpg,inclusion,90,4150,"(87.0, 34.16602409638554, 32.68144578313253)","(87, 1, 5, 88, 85, 79)",Coarse
8-587_xp_000043.jpg,inclusion,91,1969,"(88.0, 927.4144235652616, 151.06805485017776)","(88, 904, 127, 89, 957, 175)",Medium
8-587_xp_000043.jpg,inclusion,92,1986,"(89.0, 925.5835850956697, 830.0427995971803)","(89, 900, 808, 90, 950, 856)",Medium
8-587_xp_000043.jpg,inclusion,93,675,"(90.0, 710.3629629629629, 917.4577777777778)","(90, 697, 903, 91, 723, 935)",Medium
8-587_xp_000043.jpg,inclusion,94,205,"(91.0, 1094.2878048780487, 1342.341463414634)","(91, 1087, 1334, 92, 1103, 1350)",Fine
8-587_xp_000043.jpg,inclusion,95,813,"(92.0, 486.15744157441577, 1826.5559655596555)","(92, 460, 1807, 93, 510, 1845)",Medium
8-587_xp_000043.jpg,inclusion,96,724,"(93.0, 596.3190607734807, 1394.0759668508288)","(93, 584, 1375, 94, 609, 1414)",Medium
8-587_xp_000043.jpg,inclusion,97,511,"(94.0, 311.174168297456, 1746.187866927593)","(94, 298, 1734, 95, 325, 1760)",Medium
8-587_xp_000043.jpg,inclusion,98,1326,"(95.0, 1169.4245852187028, 121.84539969834087)","(95, 1151, 101, 96, 1192, 144)",Medium
8-587_xp_000043.jpg,inclusion,99,2746,"(96.0, 1239.319737800437, 1579.022214129643)","(96, 1202, 1553, 97, 1276, 1604)",Coarse
8-587_xp_000043.jpg,inclusion,100,4081,"(97.0, 47.732663562852245, 1596.4721881891694)","(97, 4, 1565, 98, 94, 1628)",Coarse
8-587_xp_000043.jpg,inclusion,101,1098,"(98.0, 497.92622950819674, 18.006375227686704)","(98, 480, 1, 99, 518, 37)",Medium
8-587_xp_000043.jpg,inclusion,102,249,"(99.0, 70.2289156626506, 662.562248995984)","(99, 62, 653, 100, 79, 673)",Fine
8-587_xp_000020.jpg,inclusion,1,15938,"(0.0, 920.85857698582, 1521.4824946668339)","(0, 848, 1451, 1, 985, 1601)",Very Coarse
8-587_xp_000020.jpg,inclusion,2,15122,"(1.0, 1304.9735484724242, 211.55349821452188)","(1, 1222, 135, 2, 1390, 271)",Very Coarse
8-587_xp_000020.jpg,inclusion,3,25418,"(2.0, 1036.2833031709813, 1336.9108899205287)","(2, 950, 1222, 3, 1118, 1442)",Very Coarse
8-587_xp_000020.jpg,inclusion,4,3519,"(3.0, 1484.512929809605, 903.150042625746)","(3, 1451, 866, 4, 1518, 950)",Coarse
8-587_xp_000020.jpg,inclusion,5,853,"(4.0, 1027.5849941383353, 1791.2567409144197)","(4, 1015, 1772, 5, 1041, 1811)",Medium
8-587_xp_000020.jpg,inclusion,6,5832,"(5.0, 706.3038408779149, 1777.9975994513031)","(5, 663, 1723, 6, 747, 1821)",Coarse
8-587_xp_000020.jpg,inclusion,7,3330,"(6.0, 1139.3336336336336, 279.6048048048048)","(6, 1101, 254, 7, 1178, 309)",Coarse
8-587_xp_000020.jpg,inclusion,8,1250,"(7.0, 1083.0864, 425.8648)","(7, 1063, 407, 8, 1104, 445)",Medium
8-587_xp_000020.jpg,inclusion,9,1769,"(8.0, 1147.312040700961, 1667.0746184284906)","(8, 1125, 1643, 9, 1171, 1698)",Medium
8-587_xp_000020.jpg,inclusion,10,4697,"(9.0, 1358.2916755375772, 829.3023206301895)","(9, 1327, 778, 10, 1391, 879)",Coarse
8-587_xp_000020.jpg,inclusion,11,32358,"(10.0, 1254.4120464800048, 770.9665615921874)","(10, 1167, 629, 11, 1337, 933)",Very Coarse
8-587_xp_000020.jpg,inclusion,12,30274,"(11.0, 610.9807095197199, 1907.228744136883)","(11, 524, 1809, 12, 714, 2021)",Very Coarse
8-587_xp_000020.jpg,inclusion,13,1254,"(12.0, 999.3636363636364, 1036.6658692185008)","(12, 982, 1017, 13, 1018, 1057)",Medium
8-587_xp_000020.jpg,inclusion,14,11094,"(13.0, 1128.9301424193256, 1039.7773571299801)","(13, 1086, 934, 14, 1174, 1141)",Very Coarse
8-587_xp_000020.jpg,inclusion,15,18927,"(14.0, 407.2559835156126, 1966.4979130342897)","(14, 315, 1883, 15, 486, 2044)",Very Coarse
8-587_xp_000020.jpg,inclusion,16,4965,"(15.0, 1254.7236656596174, 401.5790533736153)","(15, 1221, 354, 16, 1290, 446)",Coarse
8-587_xp_000020.jpg,inclusion,17,405,"(16.0, 904.232098765432, 1440.148148148148)","(16, 894, 1428, 17, 915, 1452)",Fine
8-587_xp_000020.jpg,inclusion,18,9934,"(17.0, 1055.962754177572, 827.5478155828467)","(17, 1003, 755, 18, 1117, 904)",Very Coarse
8-587_xp_000020.jpg,inclusion,19,1167,"(18.0, 1081.3136246786632, 983.1928020565553)","(18, 1060, 964, 19, 1101, 1000)",Medium
8-587_xp_000020.jpg,inclusion,20,19988,"(19.0, 1466.0821993195918, 1142.93586151691)","(19, 1384, 1056, 20, 1532, 1237)",Very Coarse
8-587_xp_000020.jpg,inclusion,21,38833,"(20.0, 1279.4651971261555, 1364.4514716864524)","(20, 1194, 1193, 21, 1367, 1519)",Very Coarse
8-587_xp_000020.jpg,inclusion,22,1735,"(21.0, 1168.1348703170029, 1191.207492795389)","(21, 1147, 1160, 22, 1190, 1221)",Medium
8-587_xp_000020.jpg,inclusion,23,12438,"(22.0, 906.513024602026, 1245.3988583373532)","(22, 843, 1166, 23, 959, 1315)",Very Coarse
8-587_xp_000020.jpg,inclusion,24,2999,"(23.0, 1258.0346782260754, 48.135045015005005)","(23, 1224, 19, 24, 1300, 73)",Coarse
8-587_xp_000020.jpg,inclusion,25,7502,"(24.0, 1433.2701946147695, 610.6114369501466)","(24, 1390, 541, 25, 1483, 672)",Coarse
8-587_xp_000020.jpg,inclusion,26,6915,"(25.0, 1505.7810556760664, 477.8355748373102)","(25, 1458, 418, 26, 1536, 563)",Coarse
8-587_xp_000020.jpg,inclusion,27,730,"(26.0, 1077.2109589041097, 1770.0958904109589)","(26, 1062, 1753, 27, 1093, 1789)",Medium
8-587_xp_000020.jpg,inclusion,28,3550,"(27.0, 986.9788732394367, 2018.9811267605635)","(27, 954, 1990, 28, 1026, 2047)",Coarse
8-587_xp_000020.jpg,inclusion,29,14482,"(28.0, 1371.354578096948, 1915.9659577406435)","(28, 1316, 1836, 29, 1427, 1998)",Very Coarse
8-587_xp_000020.jpg,inclusion,30,3666,"(29.0, 712.3693398799782, 1503.989634478996)","(29, 674, 1473, 30, 754, 1538)",Coarse
8-587_xp_000020.jpg,inclusion,31,872,"(30.0, 1179.848623853211, 98.42201834862385)","(30, 1168, 73, 31, 1195, 122)",Medium
8-587_xp_000020.jpg,inclusion,32,553,"(31.0, 1155.7956600361663, 534.7721518987341)","(31, 1147, 517, 32, 1165, 553)",Medium
8-587_xp_000020.jpg,inclusion,33,962,"(32.0, 978.0883575883576, 1784.8669438669438)","(32, 957, 1766, 33, 994, 1804)",Medium
8-587_xp_000020.jpg,inclusion,34,11597,"(33.0, 1474.5267741657326, 1580.0239717168233)","(33, 1416, 1495, 34, 1534, 1652)",Very Coarse
8-587_xp_000020.jpg,inclusion,35,735,"(34.0, 665.7197278911565, 1644.5836734693878)","(34, 651, 1626, 35, 679, 1660)",Medium
8-587_xp_000020.jpg,inclusion,36,7338,"(35.0, 1232.2042790951214, 515.9326792041428)","(35, 1186, 442, 36, 1273, 600)",Coarse
8-587_xp_000020.jpg,inclusion,37,1287,"(36.0, 1146.902097902098, 364.006216006216)","(36, 1125, 344, 37, 1173, 388)",Medium
8-587_xp_000020.jpg,inclusion,38,16383,"(37.0, 825.4931941646829, 1931.3414515046084)","(37, 749, 1860, 38, 904, 2008)",Very Coarse
8-587_xp_000020.jpg,inclusion,39,43,"(37.0, 765.7674418604652, 2004.7674418604652)","(37, 762, 2001, 38, 770, 2010)",Fine
8-587_xp_000020.jpg,inclusion,40,456,"(38.0, 1347.8223684210527, 1217.030701754386)","(38, 1338, 1200, 39, 1359, 1237)",Fine
8-587_xp_000020.jpg,inclusion,41,1588,"(39.0, 503.25881612090683, 1934.6196473551638)","(39, 489, 1904, 40, 523, 1970)",Medium
8-587_xp_000020.jpg,inclusion,42,462,"(40.0, 1068.608225108225, 1076.9502164502164)","(40, 1059, 1063, 41, 1080, 1091)",Fine
8-587_xp_000020.jpg,inclusion,43,379,"(41.0, 1381.5963060686015, 1271.9656992084433)","(41, 1375, 1256, 42, 1390, 1288)",Fine
8-587_xp_000020.jpg,inclusion,44,1273,"(42.0, 1402.2513747054202, 992.897879025923)","(42, 1385, 967, 43, 1420, 1019)",Medium
8-587_xp_000020.jpg,inclusion,45,1285,"(43.0, 1491.1992217898833, 1373.722178988327)","(43, 1473, 1351, 44, 1512, 1397)",Medium
8-587_xp_000020.jpg,inclusion,46,772,"(44.0, 1023.9715025906736, 957.2746113989638)","(44, 1010, 941, 45, 1037, 975)",Medium
8-587_xp_000020.jpg,inclusion,47,505,"(45.0, 1157.2811881188118, 912.2752475247524)","(45, 1141, 904, 46, 1174, 922)",Medium
8-587_xp_000020.jpg,inclusion,48,2014,"(46.0, 1143.0933465739822, 21.21648460774578)","(46, 1113, 1, 47, 1170, 49)",Coarse
8-587_xp_000020.jpg,inclusion,49,221,"(47.0, 1207.8009049773755, 142.73303167420815)","(47, 1201, 135, 48, 1216, 152)",Fine
8-587_xp_000020.jpg,inclusion,50,1702,"(48.0, 958.4665099882491, 1682.3877790834313)","(48, 936, 1655, 49, 977, 1713)",Medium
8-587_xp_000020.jpg,inclusion,51,590,"(49.0, 1113.5474576271185, 546.806779661017)","(49, 1099, 535, 50, 1131, 560)",Medium
8-587_xp_000020.jpg,inclusion,52,954,"(50.0, 1307.4947589098533, 354.4664570230608)","(50, 1290, 338, 51, 1323, 374)",Medium
8-587_xp_000020.jpg,inclusion,53,2496,"(51.0, 1186.7071314102564, 1958.090544871795)","(51, 1153, 1925, 52, 1217, 1986)",Coarse
8-587_xp_000020.jpg,inclusion,54,1139,"(52.0, 1411.4398595259, 676.5276558384547)","(52, 1394, 652, 53, 1431, 700)",Medium
8-587_xp_000020.jpg,inclusion,55,337,"(53.0, 841.2789317507419, 1416.0830860534124)","(53, 828, 1408, 54, 854, 1424)",Fine
8-587_xp_000020.jpg,inclusion,56,315,"(54.0, 1190.136507936508, 685.0285714285715)","(54, 1182, 675, 55, 1200, 697)",Fine
8-587_xp_000020.jpg,inclusion,57,254,"(55.0, 1369.4370078740158, 1602.2204724409448)","(55, 1359, 1595, 56, 1380, 1611)",Fine
8-587_xp_000020.jpg,inclusion,58,1646,"(56.0, 1441.7964763061968, 1680.2582017010936)","(56, 1420, 1656, 57, 1468, 1702)",Medium
8-587_xp_000020.jpg,inclusion,59,547,"(57.0, 1387.6416819012798, 753.5411334552102)","(57, 1375, 741, 58, 1401, 767)",Medium
8-587_xp_000020.jpg,inclusion,60,2300,"(58.0, 1123.2965217391304, 1418.3004347826086)","(58, 1097, 1368, 59, 1146, 1459)",Coarse
8-587_xp_000020.jpg,inclusion,61,581,"(59.0, 487.2736660929432, 1741.5697074010327)","(59, 475, 1728, 60, 501, 1757)",Medium
8-587_xp_000020.jpg,inclusion,62,277,"(60.0, 990.7039711191336, 1106.1913357400722)","(60, 982, 1098, 61, 1001, 1116)",Fine
8-587_xp_000020.jpg,inclusion,63,1313,"(61.0, 1469.08377760853, 74.06473724295506)","(61, 1449, 50, 62, 1488, 100)",Medium
8-587_xp_000020.jpg,inclusion,64,168,"(62.0, 757.1666666666666, 1640.0119047619048)","(62, 751, 1632, 63, 764, 1649)",Fine
8-587_xp_000020.jpg,inclusion,65,11331,"(63.0, 1040.140323007678, 1568.3057982525813)","(63, 999, 1479, 64, 1081, 1666)",Very Coarse
8-587_xp_000020.jpg,inclusion,66,997,"(64.0, 661.2978936810431, 1679.455366098295)","(64, 633, 1665, 65, 691, 1694)",Medium
8-587_xp_000020.jpg,inclusion,67,3657,"(65.0, 828.5627563576702, 603.9680065627564)","(65, 723, 579, 66, 932, 642)",Coarse
8-587_xp_000020.jpg,inclusion,68,655,"(66.0, 1425.551145038168, 1340.6503816793893)","(66, 1413, 1325, 67, 1439, 1360)",Medium
8-587_xp_000020.jpg,inclusion,69,332,"(67.0, 1053.5271084337348, 918.2620481927711)","(67, 1043, 909, 68, 1066, 929)",Fine
8-587_xp_000020.jpg,inclusion,70,296,"(68.0, 526.8141891891892, 1769.804054054054)","(68, 516, 1762, 69, 539, 1778)",Fine
8-587_xp_000020.jpg,inclusion,71,206,"(69.0, 875.6699029126214, 1626.4466019417475)","(69, 870, 1617, 70, 883, 1637)",Fine
8-587_xp_000020.jpg,inclusion,72,856,"(70.0, 1134.5, 778.9380841121496)","(70, 1122, 754, 71, 1145, 804)",Medium
8-587_xp_000020.jpg,inclusion,73,585,"(71.0, 504.48205128205126, 1891.4034188034188)","(71, 488, 1880, 72, 524, 1903)",Medium
8-587_xp_000020.jpg,inclusion,74,764,"(72.0, 1390.836387434555, 110.13874345549738)","(72, 1376, 94, 73, 1407, 127)",Medium
8-587_xp_000020.jpg,inclusion,75,485,"(73.0, 916.7628865979382, 1975.4123711340205)","(73, 907, 1960, 74, 928, 1991)",Fine
8-587_xp_000020.jpg,inclusion,76,319,"(74.0, 1253.7460815047023, 1114.4545454545455)","(74, 1246, 1103, 75, 1262, 1127)",Fine
8-587_xp_000020.jpg,inclusion,77,565,"(75.0, 533.821238938053, 1709.1575221238938)","(75, 519, 1698, 76, 550, 1720)",Medium
8-587_xp_000020.jpg,inclusion,78,372,"(76.0, 808.1935483870968, 1832.5510752688172)","(76, 794, 1824, 77, 822, 1841)",Fine
8-587_xp_000020.jpg,inclusion,79,258,"(77.0, 809.9961240310078, 1647.0426356589148)","(77, 800, 1639, 78, 820, 1656)",Fine
8-587_xp_000020.jpg,inclusion,80,1158,"(78.0, 764.5336787564767, 1389.7279792746115)","(78, 740, 1375, 79, 790, 1406)",Medium
8-587_xp_000027.jpg,inclusion,1,18315,"(0.0, 387.7865137865138, 1811.7755391755393)","(0, 299, 1734, 1, 472, 1883)",Very Coarse
8-587_xp_000027.jpg,inclusion,2,6035,"(1.0, 551.2303231151616, 1832.613256006628)","(1, 508, 1766, 2, 591, 1892)",Coarse
8-587_xp_000027.jpg,inclusion,3,16859,"(2.0, 1203.1332819265674, 1759.8101904027521)","(2, 1138, 1675, 3, 1270, 1843)",Very Coarse
8-587_xp_000027.jpg,inclusion,4,762,"(3.0, 1052.5524934383202, 1908.9448818897638)","(3, 1038, 1888, 4, 1068, 1927)",Medium
8-587_xp_000027.jpg,inclusion,5,30606,"(4.0, 781.2545906031497, 1429.841599686336)","(4, 702, 1313, 5, 864, 1564)",Very Coarse
8-587_xp_000027.jpg,inclusion,6,2280,"(5.0, 1334.5925438596491, 1374.3706140350878)","(5, 1305, 1348, 6, 1366, 1400)",Coarse
8-587_xp_000027.jpg,inclusion,7,1035,"(6.0, 500.26473429951693, 2014.1371980676329)","(6, 483, 1996, 7, 519, 2032)",Medium
8-587_xp_000027.jpg,inclusion,8,1101,"(7.0, 484.4268846503179, 1637.6385104450499)","(7, 467, 1618, 8, 502, 1657)",Medium
8-587_xp_000027.jpg,inclusion,9,392,"(8.0, 1101.8035714285713, 2001.091836734694)","(8, 1093, 1989, 9, 1112, 2015)",Fine
8-587_xp_000027.jpg,inclusion,10,17225,"(9.0, 1213.6164876632802, 1291.324992743106)","(9, 1153, 1187, 10, 1279, 1384)",Very Coarse
8-587_xp_000027.jpg,inclusion,11,1831,"(10.0, 1512.8874931731295, 1547.6318951392682)","(10, 1494, 1516, 11, 1531, 1580)",Medium
8-587_xp_000027.jpg,inclusion,12,2224,"(11.0, 823.1663669064748, 1636.5476618705036)","(11, 801, 1607, 12, 850, 1669)",Coarse
8-587_xp_000027.jpg,inclusion,13,26517,"(12.0, 617.8912018704982, 1583.0600369574236)","(12, 508, 1497, 13, 753, 1657)",Very Coarse
8-587_xp_000027.jpg,inclusion,14,22679,"(13.0, 1096.3847171392038, 1436.6307156400194)","(13, 1024, 1321, 14, 1170, 1552)",Very Coarse
8-587_xp_000027.jpg,inclusion,15,1212,"(14.0, 779.236798679868, 1215.3407590759075)","(14, 764, 1190, 15, 795, 1241)",Medium
8-587_xp_000027.jpg,inclusion,16,665,"(15.0, 685.5473684210526, 1744.857142857143)","(15, 671, 1728, 16, 701, 1762)",Medium
8-587_xp_000027.jpg,inclusion,17,13952,"(16.0, 172.03218176605503, 1827.039134174312)","(16, 102, 1751, 17, 247, 1898)",Very Coarse
8-587_xp_000027.jpg,inclusion,18,418,"(17.0, 518.2344497607655, 1764.9114832535886)","(17, 509, 1749, 18, 528, 1781)",Fine
8-587_xp_000027.jpg,inclusion,19,19088,"(18.0, 339.7795997485331, 1957.2540863369657)","(18, 208, 1896, 19, 467, 2008)",Very Coarse
8-587_xp_000027.jpg,inclusion,20,750,"(19.0, 1434.3453333333334, 1534.1093333333333)","(19, 1423, 1516, 20, 1448, 1552)",Medium
8-587_xp_000027.jpg,inclusion,21,1869,"(20.0, 1200.035848047084, 2019.3285179240236)","(20, 1171, 1993, 21, 1227, 2047)",Medium
8-587_xp_000027.jpg,inclusion,22,877,"(21.0, 286.29418472063855, 1741.2405929304448)","(21, 270, 1725, 22, 302, 1759)",Medium
8-587_xp_000027.jpg,inclusion,23,17596,"(22.0, 698.2238008638327, 1972.1532734712434)","(22, 630, 1872, 23, 784, 2048)",Very Coarse
8-587_xp_000027.jpg,inclusion,24,4414,"(23.0, 1501.681468056185, 1441.367920253738)","(23, 1454, 1384, 24, 1536, 1486)",Coarse
8-587_xp_000027.jpg,inclusion,25,30299,"(24.0, 1460.8527014092874, 1919.210634014324)","(24, 1375, 1771, 25, 1532, 2036)",Very Coarse
8-587_xp_000027.jpg,inclusion,26,791,"(25.0, 1038.5056890012643, 1682.9355246523387)","(25, 1021, 1669, 26, 1056, 1699)",Medium
8-587_xp_000027.jpg,inclusion,27,34957,"(26.0, 1421.0696570071802, 1244.5449266241383)","(26, 1308, 1109, 27, 1527, 1343)",Very Coarse
8-587_xp_000027.jpg,inclusion,28,6065,"(27.0, 886.0893652102226, 2012.0474855729597)","(27, 835, 1974, 28, 940, 2045)",Coarse
8-587_xp_000027.jpg,inclusion,29,1508,"(28.0, 1464.959549071618, 1696.23474801061)","(28, 1443, 1673, 29, 1485, 1719)",Medium
8-587_xp_000027.jpg,inclusion,30,947,"(29.0, 1237.0084477296728, 754.6451953537487)","(29, 1221, 734, 30, 1254, 775)",Medium
8-587_xp_000027.jpg,inclusion,31,6241,"(30.0, 300.85547187950647, 1640.6087165518347)","(30, 266, 1588, 31, 338, 1696)",Coarse
8-587_xp_000027.jpg,inclusion,32,8159,"(31.0, 1301.6574335090086, 1992.4267679862728)","(31, 1259, 1908, 32, 1350, 2046)",Very Coarse
8-587_xp_000027.jpg,inclusion,33,2389,"(32.0, 299.9577228966095, 2028.1280870657179)","(32, 260, 2009, 33, 344, 2046)",Coarse
8-587_xp_000027.jpg,inclusion,34,1287,"(33.0, 854.4716394716395, 1092.5563325563326)","(33, 838, 1070, 34, 874, 1116)",Medium
8-587_xp_000027.jpg,inclusion,35,496,"(34.0, 800.9717741935484, 1808.2681451612902)","(34, 786, 1797, 35, 820, 1823)",Fine
8-587_xp_000027.jpg,inclusion,36,26326,"(35.0, 924.0322115019372, 1112.352275317177)","(35, 827, 1023, 36, 1052, 1228)",Very Coarse
8-587_xp_000027.jpg,inclusion,37,2226,"(36.0, 1111.5202156334233, 1864.694519317161)","(36, 1092, 1803, 37, 1139, 1905)",Coarse
8-587_xp_000027.jpg,inclusion,38,273,"(37.0, 600.978021978022, 1464.3919413919414)","(37, 589, 1457, 38, 613, 1472)",Fine
8-587_xp_000027.jpg,inclusion,39,765,"(38.0, 1225.367320261438, 1155.5385620915033)","(38, 1209, 1142, 39, 1242, 1170)",Medium
8-587_xp_000027.jpg,inclusion,40,454,"(39.0, 1125.6497797356828, 1069.6013215859032)","(39, 1117, 1053, 40, 1134, 1089)",Fine
8-587_xp_000027.jpg,inclusion,41,404,"(40.0, 1118.90099009901, 1955.8118811881188)","(40, 1109, 1943, 41, 1129, 1968)",Fine
8-587_xp_000027.jpg,inclusion,42,2863,"(41.0, 1307.6566538595878, 1483.085923856095)","(41, 1285, 1448, 42, 1339, 1516)",Coarse
8-587_xp_000027.jpg,inclusion,43,249,"(42.0, 485.41767068273094, 1750.2329317269077)","(42, 479, 1738, 43, 493, 1763)",Fine
8-587_xp_000027.jpg,inclusion,44,9686,"(43.0, 978.3718769357836, 1060.5894073921124)","(43, 901, 1019, 44, 1051, 1109)",Very Coarse
8-587_xp_000027.jpg,inclusion,45,712,"(44.0, 1049.4747191011236, 2037.8974719101125)","(44, 1030, 2025, 45, 1070, 2048)",Medium
8-587_xp_000027.jpg,inclusion,46,239,"(45.0, 771.1046025104603, 1162.1882845188284)","(45, 764, 1154, 46, 781, 1171)",Fine
8-587_xp_000027.jpg,inclusion,47,748,"(46.0, 1398.24064171123, 1757.6109625668448)","(46, 1384, 1742, 47, 1413, 1774)",Medium
8-587_xp_000027.jpg,inclusion,48,173,"(47.0, 1113.1040462427745, 1177.4797687861271)","(47, 1107, 1170, 48, 1121, 1186)",Fine
8-587_xp_000027.jpg,inclusion,49,682,"(48.0, 1076.9574780058651, 1094.7609970674487)","(48, 1062, 1079, 49, 1091, 1110)",Medium
8-587_xp_000027.jpg,inclusion,50,781,"(49.0, 1110.3559539052496, 1792.135723431498)","(49, 1097, 1771, 50, 1124, 1817)",Medium
8-587_xp_000027.jpg,inclusion,51,15384,"(50.0, 632.427457098284, 1611.8215028601144)","(50, 526, 1566, 51, 757, 1666)",Very Coarse
8-587_xp_000027.jpg,inclusion,52,1933,"(51.0, 287.38075530263836, 1881.2695292291774)","(51, 267, 1850, 52, 310, 1908)",Medium
8-587_xp_000027.jpg,inclusion,53,440,"(52.0, 931.415909090909, 1319.3454545454545)","(52, 921, 1307, 53, 943, 1334)",Fine
8-587_xp_000027.jpg,inclusion,54,749,"(53.0, 404.022696929239, 1624.3484646194927)","(53, 393, 1603, 54, 417, 1647)",Medium
8-587_xp_000027.jpg,inclusion,55,259,"(54.0, 618.4594594594595, 1379.853281853282)","(54, 610, 1372, 55, 630, 1389)",Fine
8-587_xp_000027.jpg,inclusion,56,302,"(55.0, 1201.841059602649, 1539.7814569536424)","(55, 1193, 1531, 56, 1213, 1551)",Fine
8-587_xp_000027.jpg,inclusion,57,346,"(56.0, 290.02601156069363, 1810.1242774566474)","(56, 280, 1797, 57, 300, 1823)",Fine
8-587_xp_000027.jpg,inclusion,58,776,"(57.0, 1104.8440721649486, 1709.9845360824743)","(57, 1092, 1690, 58, 1117, 1730)",Medium
8-587_xp_000027.jpg,inclusion,59,2238,"(58.0, 202.2832886505809, 434.2278820375335)","(58, 173, 409, 59, 229, 464)",Coarse
8-587_xp_000027.jpg,inclusion,60,3015,"(59.0, 1375.9873963515754, 1316.1402985074626)","(59, 1334, 1288, 60, 1414, 1349)",Coarse
8-587_xp_000027.jpg,inclusion,61,1850,"(60.0, 776.0216216216216, 1853.6562162162163)","(60, 750, 1833, 61, 802, 1876)",Medium
8-587_xp_000027.jpg,inclusion,62,306,"(61.0, 586.7647058823529, 2037.5947712418301)","(61, 578, 2028, 62, 596, 2047)",Fine
